{
  "strana_70": [
    {
      "cz": [
        "chuť"
      ],
      "de": [
        "Appetit"
      ],
      "gender": "der",
      "description": "guten appetit!"
    },
    {
      "cz": [
        "žízeň"
      ],
      "de": [
        "Durst"
      ],
      "gender": "der",
      "description": "j. č."
    },
    {
      "cz": [
        "jíst"
      ],
      "de": [
        "essen"
      ],
      "gender": null,
      "description": null
    },
    {
      "cz": [
        "jídlo"
      ],
      "de": [
        "Essen"
      ],
      "gender": "das",
      "description": null
    },
    {
      "cz": [
        "labužník",
        "gurmán"
      ],
      "de": [
        "Gourmet"
      ],
      "gender": "der",
      "description": null
    },
    {
      "cz": [
        "chuť",
        "nálada"
      ],
      "de": [
        "Lust"
      ],
      "gender": "die",
      "description": null
    },
    {
      "cz": [
        "restaurace"
      ],
      "de": [
        "Restaurant"
      ],
      "gender": "das",
      "description": null
    },
    {
      "cz": [
        "sytý"
      ],
      "de": [
        "satt"
      ],
      "gender": null,
      "description": null
    },
    {
      "cz": [
        "později"
      ],
      "de": [
        "später"
      ],
      "gender": null,
      "description": "Bis später!"
    },
    {
      "cz": [
        "čas"
      ],
      "de": [
        "Zeit"
      ],
      "gender": "die",
      "description": "hast du zeit?"
    }
  ],
  "strana_71": [
    {
      "cz": [
        "tak",
        "tedy"
      ],
      "de": [
        "also"
      ],
      "gender": null,
      "description": null
    },
    {
      "cz": [
        "chléb",
        "chleba"
      ],
      "de": [
        "Brot"
      ],
      "gender": "das",
      "description": null
    },
    {
      "cz": [
        "hustá polévka",
        "eintopf"
      ],
      "de": [
        "Eintopf"
      ],
      "gender": "der",
      "description": null
    },
    {
      "cz": [
        "je"
      ],
      "de": [
        "es gibt"
      ],
      "gender": null,
      "description": null
    },
    {
      "cz": [
        "ryba"
      ],
      "de": [
        "Fisch"
      ],
      "gender": "der",
      "description": null
    },
    {
      "cz": [
        "masový knedlíček"
      ],
      "de": [
        "Frikadelle"
      ],
      "gender": "die",
      "description": null
    },
    {
      "cz": [
        "zelenina"
      ],
      "de": [
        "Gemüse"
      ],
      "gender": "das",
      "description": null
    },
    {
      "cz": [
        "guláš"
      ],
      "de": [
        "Gulasch"
      ],
      "gender": "das",
      "description": null
    },
    {
      "cz": [
        "brambor",
        "brambory",
        "erteple"
      ],
      "de": [
        "Kartoffel"
      ],
      "gender": "die",
      "description": null
    },
    {
      "cz": [
        "menu"
      ],
      "de": [
        "Menü"
      ],
      "gender": "das",
      "description": null
    },
    {
      "cz": [
        "chtít"
      ],
      "de": [
        "möchten"
      ],
      "gender": null,
      "description": null
    },
    {
      "cz": [
        "nudle"
      ],
      "de": [
        "Nudel"
      ],
      "gender": "die",
      "description": null
    },
    {
      "cz": [
        "hranolky"
      ],
      "de": [
        "Pommes"
      ],
      "gender": "die",
      "description": "mn. č."
    },
    {
      "cz": [
        "bramborová kaše",
        "kaše",
        "pyré"
      ],
      "de": [
        "Püree"
      ],
      "gender": "das",
      "description": null
    },
    {
      "cz": [
        "rýže"
      ],
      "de": [
        "Reis"
      ],
      "gender": "der",
      "description": "j. č."
    },
    {
      "cz": [
        "rizoto"
      ],
      "de": [
        "Risotto"
      ],
      "gender": "der",
      "description": null
    },
    {
      "cz": [
        "salát"
      ],
      "de": [
        "Salat"
      ],
      "gender": "der",
      "description": null
    },
    {
      "cz": [
        "řízek"
      ],
      "de": [
        "Schnitzel"
      ],
      "gender": "das",
      "description": null
    },
    {
      "cz": [
        "špenát"
      ],
      "de": [
        "Spinat"
      ],
      "gender": "der",
      "description": "j. č."
    },
    {
      "cz": [
        "polévka"
      ],
      "de": [
        "Suppe"
      ],
      "gender": "die",
      "description": null
    },
    {
      "cz": [
        "rajská polévka",
        "rajčatová polévka"
      ],
      "de": [
        "Tomatensoße"
      ],
      "gender": "die",
      "description": null
    },
    {
      "cz": [
        "vegetariánský"
      ],
      "de": [
        "vegetarisch"
      ],
      "gender": null,
      "description": null
    },
    {
      "cz": [
        "párek"
      ],
      "de": [
        "Würstchen"
      ],
      "gender": "das",
      "description": null
    }
  ],
  "strana_72": [
    {
      "cz": [
        "litovat"
      ],
      "de": [
        "leid tun"
      ],
      "gender": null,
      "description": "es tut leid"
    },
    {
      "cz": [
        "vegetarián"
      ],
      "de": [
        "Vegetarier"
      ],
      "gender": "der",
      "description": null
    },
    {
      "cz": [
        "kdy"
      ],
      "de": [
        "wann"
      ],
      "gender": null,
      "description": null
    }
  ],
  "strana_73": [
    {
      "cz": [
        "obsluha"
      ],
      "de": [
        "Bedienung"
      ],
      "gender": "die",
      "description": null
    },
    {
      "cz": [
        "brokolice"
      ],
      "de": [
        "Brokkoli"
      ],
      "gender": "der",
      "description": null
    },
    {
      "cz": [
        "smět",
        "moct"
      ],
      "de": [
        "dürfen"
      ],
      "gender": null,
      "description": null
    },
    {
      "cz": [
        "zeleninový nákyp"
      ],
      "de": [
        "Gemüseauflauf"
      ],
      "gender": "der",
      "description": null
    },
    {
      "cz": [
        "kuchař"
      ],
      "de": [
        "Koch"
      ],
      "gender": "der",
      "description": null
    },
    {
      "cz": [
        "raději"
      ],
      "de": [
        "lieber"
      ],
      "gender": null,
      "description": null
    },
    {
      "cz": [
        "muž"
      ],
      "de": [
        "Mann"
      ],
      "gender": "der",
      "description": null
    },
    {
      "cz": [
        "brát",
        "vzít"
      ],
      "de": [
        "nehmen"
      ],
      "gender": null,
      "description": "er nimmt"
    },
    {
      "cz": [
        "jídelníček"
      ],
      "de": [
        "Speiseplan"
      ],
      "gender": "der",
      "description": null
    }
  ]
}